{
  "Ham1": {
    "preparation_pos": [-0.25785028, -0.23939418,  0.04405974],
    "gripper_width": 0.5,
    "move2table": [-0.09554518, -0.30707983,  0.00704034],
    "release_pos": [-0.09106419, -0.2932786,  0.00302128]
  },
  "Ham2": {
    "preparation_pos": [-0.25785028, -0.21458156,  0.04022159],
    "gripper_width": 0.5,
    "move2table": [-0.09554518, -0.30707983,  0.00704034],
    "release_pos": [-0.09106419, -0.29392786,  0.00302128]
  },
  "Lettuce1": {
    "preparation_pos": [-0.25785028, -0.19847246,  0.04611864],
    "gripper_width": 0.4,
    "move2table": [-0.09555424, -0.31242038,  0.01505094],
    "release_pos": [-0.09189738, -0.27289793,  0.00856908]
  },
  "Lettuce2": {
    "preparation_pos": [-0.257885028, -0.18322113,  0.04539059],
    "gripper_width": 0.5,
    "move2table": [-0.09555424, -0.31242038,  0.01525094],
    "release_pos": [-0.09189738, -0.27289793,  0.00876908]
  },
  "Bread1": {
    "preparation_pos": [-0.25785028, -0.15230844,  0.04622365],
    "gripper_width": 0.4,
    "move2table": [-0.09491268, -0.33406992,  0.01389004],
    "release_pos": [-0.09189738, -0.2853078,  0.00656908]
  },
  "Bread2": {
    "preparation_pos": [-0.25785028, -0.12551416,  0.04360306],
    "gripper_width": 0.4,
    "move2table": [-0.09491268, -0.31406992,  0.01790004],
    "release_pos": [-0.08089738, -0.2653078,  0.00879908]
  },
  "DoubleBread2":{
    "preparation_pos": [-0.25785028, -0.12551416,  0.04360306],
    "gripper_width": 0.4,
    "move2table": [-0.09491268, -0.31406992,  0.01990004],
    "release_pos": [-0.08089738, -0.2653078,  0.00899908]
  },
  "GF,Lettuce1andHam1": {
    "preparation_pos": [-0.25785028, -0.20950053,  0.02611864],
    "gripper_width": 0.8,
    "move2table": [-0.09555424, -0.31242038,  0.01105094],
    "release_pos": [-0.09189738, -0.27289793,  0.00456908]
  },
  "GF,Lettuce2": {
    "preparation_pos": [-0.257885028, -0.18322113,  0.04539059],
    "gripper_width": 0.5,
    "move2table": [-0.09555424, -0.31242038,  0.01225094],
    "release_pos": [-0.09189738, -0.27289793,  0.00576908]
  }
}
